roughness,rms,hf_ratio,zcr,crest_factor,centroid_hz
5,0.228180,0.016514,0.025000,1.385033,103.465752
12,0.295867,0.014563,0.025000,1.362389,98.530355
23,0.376765,0.011394,0.025000,1.311118,93.851101
45,0.523947,0.008283,0.000000,1.366479,86.739226
58,0.595874,0.007542,0.000000,1.460318,82.373379
66,0.612487,0.007274,0.000000,1.509216,77.283820
100,0.726031,0.006924,0.000000,1.618444,74.862793
